users_density,call_volume,data_traffic,maintenance_frequency,temperature,failure
112,2100,869.5897803542967,0.9621601689828414,27.13369635149356,0
445,2856,729.8973790686449,4.257255502031811,10.47668506012602,0
358,1768,745.2794559879812,11.3007085394271,21.587242704063595,1
280,1560,431.2384011035946,8.022871760674969,30.073898918533462,0
116,3736,352.4756426214933,8.144039480070777,14.48299444107279,1
81,2824,377.32837535475664,4.34303989005438,12.078896318358723,1
198,4909,987.7730680986973,7.123929494502461,15.983938287854544,0
30,4278,49.708099498357655,0.12157420833292054,13.452521979749172,0
112,2148,868.3611811612241,7.6331525569145064,12.521942296273854,1
131,4246,582.8886544866695,10.95944337091484,19.869779500383043,1
476,4880,444.22926499769454,7.35088162013783,36.7743479859237,1
224,816,728.0050838109852,10.48438312159614,22.74708763585514,1
340,4644,491.80225201045585,8.687676665593125,11.577213328536306,1
468,4683,874.689005700844,1.446700996844283,7.6940084283305925,1
97,1923,901.6948453711459,10.829439687430101,29.365465079827384,0
382,2181,427.50371760472086,0.7973261322692986,18.397956755273576,0
109,3519,284.0595192627011,6.407609670573166,33.76408313048758,1
369,1674,596.4268253074287,1.705645485521492,28.082876902426957,1
161,349,913.239712160524,0.1404793287708488,32.868450768947895,1
140,773,218.5555671156099,5.064411121531668,14.518111379645706,1
159,4633,626.736917727848,3.540488491849875,29.232562286137036,0
318,2265,635.2446178915953,5.832005925571236,14.242169464280158,0
267,870,735.7818921911281,6.926398640814609,37.8673967807602,0
353,4062,140.2520082759872,0.5248688677073683,27.273099853668104,0
423,4463,718.6667150352677,1.4760395414849476,16.357913006136975,1
303,2084,909.9421954589845,6.703708757405105,14.432915180229543,1
395,1177,187.88627778153955,4.118008238071899,11.682430477507523,1
201,335,245.16789167463887,8.750081850593375,29.31243356128047,0
453,488,971.6811431012231,7.827499783103276,12.655046454927454,1
286,3137,189.16718318239487,10.147252355878882,25.835614307462116,0
170,4958,855.8412424358834,8.309913920030704,14.262225942387508,0
469,1948,497.35507788355443,5.159172928681778,28.1689130677854,1
323,4819,254.75876365914527,8.075599468733188,33.52289049891887,0
31,2914,872.0424022597863,3.3045740910650223,32.23088351006286,1
262,3474,450.85220245263883,3.675761985338552,31.62979658257736,1
245,3378,519.6691803903933,9.46782191904952,11.570284199228823,1
354,1352,365.64103570576805,5.3570341968189865,8.093473144458155,1
58,4081,597.0213429205781,9.58056408622023,29.463208997058494,0
484,4773,171.88863385917253,9.86906848401934,17.892152482802295,0
68,2222,397.1707212852431,10.290748051935406,20.132117924117154,0
179,4630,969.7181991119346,10.999622830094488,6.0902182477686875,1
485,2250,265.55209837411627,5.171822646159555,14.085175724626723,0
197,4959,660.1692978958793,3.826401819853666,6.178674135606241,0
473,1429,331.93816358244794,6.986384959129366,35.77150204104367,1
280,1458,775.7383944297346,4.4540690812515304,13.518883912648567,0
199,2582,139.56492411116633,7.212890001602796,24.50680093505528,0
455,4642,970.1228346277593,8.467030351725896,6.364276223139564,1
184,2117,459.25164596980284,8.260860221905642,28.33965869569803,0
455,1431,243.68995871299933,4.494634644241456,16.305957101393286,1
60,4444,82.76177985671254,2.002322420385034,36.4271715435183,0
373,4361,178.06032603666534,5.16635206154649,36.08413661269125,0
64,1458,524.5762090704575,1.7111297289829048,16.38517164266117,1
253,4737,343.63314466697346,10.6811644222057,36.53363134916638,1
329,4954,830.5945322237834,4.150529528854289,39.86551857245726,0
140,3277,436.57864842518785,1.8535169666798854,33.88954824433819,1
494,2228,256.2271298617536,0.30537311886901053,34.57049717143302,1
316,2280,620.9735367379898,7.749868635437811,13.715305763818147,0
144,4992,709.7094447165914,7.642827809456919,25.18458396002147,0
30,237,175.37148882194037,4.0872499989755,7.353956988857875,0
338,3572,175.94302412543448,0.8605426661718121,8.32212778875844,1
176,2932,46.30471266420754,4.915546738742784,39.96124142116517,0
283,3679,739.0379949149841,3.734609940760723,16.432373729906885,1
397,3131,667.166482345587,8.125447676820112,31.186436921709625,0
98,4264,479.88456699231574,7.269350993432284,33.23327685593858,1
325,2693,845.7287444795052,4.37512473837048,35.03081448525302,0
23,4400,807.6134514205527,2.614710651059881,39.91699040907548,1
251,3918,589.5008207527846,11.856431593867102,13.452376983990375,0
274,4238,869.5885677081261,5.448019454353378,6.4122789400894895,1
355,3923,213.78279793640056,8.259290829362845,19.39170312981051,0
62,4142,120.8004232037506,1.6866356109403293,9.552823444013143,1
395,2006,277.0521154018197,5.827076395912774,5.78490612067193,0
349,860,66.5159875284217,0.33044063843358584,17.614938949952013,0
101,3545,535.8578327210217,6.0654614149254,32.43083878763328,0
376,999,937.2396353720119,11.568208885412428,24.81632419287748,0
453,4555,48.95010526182455,4.610480555829603,15.947229622362391,1
464,3047,130.88881486992653,0.46795215089893905,27.90197019224519,1
437,1819,457.67703800060093,0.37146949103212235,13.120636310808376,1
273,380,934.5362673526258,4.655841119362433,5.503350612522976,1
440,3366,322.994543926983,1.9202992375583285,31.752368525274957,1
44,1987,512.1624606015084,0.28022515593823094,26.831007970240318,0
215,3366,51.15713045988818,9.074563367402122,31.6805918575336,1
90,766,156.85976895246796,5.502276106582688,6.362830584068297,1
429,4288,986.7638217292584,3.4709372636718543,34.299186974072825,1
59,771,965.467509471685,10.800998196197769,26.683417001270616,0
369,2069,14.89058112506552,1.3936675224063073,24.718837274942405,1
397,4256,952.2936675690066,11.471025947463831,26.861491684008605,0
11,3222,642.7287384373453,3.767600608528234,35.255163640392745,1
399,4799,869.2391115748219,10.660844067704176,25.542777729561745,1
63,4877,460.1924570775205,7.2353145177535385,25.333263296086276,1
115,4000,520.4400682934577,9.920488316897849,39.6737704973018,0
269,623,493.958114454351,11.808157958525571,31.48555584739988,0
319,2493,670.1956149706433,3.4608652538249487,20.480283190789734,0
486,3217,148.25474220874978,11.533625824891116,29.75889500115247,0
200,2693,39.67385397395117,4.673782738829044,18.6230665092126,0
411,2068,314.850642175279,4.626142856843067,13.010641186922465,1
227,1853,707.6339551092802,4.084645251054068,25.88981569107158,0
53,2396,209.83491760171887,6.496891288171023,37.4863734339883,1
171,2361,676.6981089916682,1.8497405181418451,37.519883200541194,1
211,2386,970.2129256461977,6.644537824296134,16.966684733692162,0
455,4302,102.9617086315242,6.500457748920049,23.468711317759325,0
493,2978,675.876097042875,9.14282175125844,12.407256449945141,1
279,4243,449.31271711152544,10.003799543251027,39.84708883246092,0
360,3744,869.4608318337303,5.2852962037490885,39.33912677537775,1
313,4532,185.37829155291206,3.627998992217925,27.73281253976066,0
280,2155,695.6996927039029,3.1120187678051336,33.154492088711564,1
465,4820,839.7341367516291,2.335486040458463,30.0285056449295,0
471,1376,945.168077279283,0.6917709863882986,25.76053766638139,1
224,2866,686.4155480067493,4.1093757460165605,6.86717989461142,0
261,402,502.203016368343,3.242972305569399,20.916751989343137,1
199,738,621.6687677992018,11.59700863039689,28.61752057585937,0
305,155,870.215934633931,6.6925059150005275,28.713606485928963,1
222,4921,574.9036491724414,4.167324468366091,18.059291644783425,0
217,625,40.08318909986849,6.965611211924352,37.95921953303107,1
246,4669,931.639208551908,1.670360416148346,10.857496128287334,1
347,4223,692.6314835212455,5.328524990426435,22.51258061754462,0
376,2225,679.748251919474,7.514811857052766,29.1809391792788,0
62,3387,223.51840087374,5.866773981509416,29.399753206213322,0
289,464,662.2966155303307,4.821345607851891,27.702363486908546,0
419,4721,399.9257615976169,11.926180666796379,14.635087470815106,0
226,1746,654.7206472710772,10.563777145787125,10.467229904031768,0
261,1018,115.52710000491082,7.480871497913281,27.25791143893488,1
197,2897,661.2668515570057,6.832528334187393,25.97557406488032,0
389,1631,999.4195885129599,7.447925757895009,11.277460360123435,0
50,3445,57.72991847195047,2.415745293869199,29.67987009496972,1
166,2006,977.4024423791042,4.741652919171823,20.931019710677973,1
24,3186,412.8388811156419,0.4735143946907918,28.371620706110352,1
310,4680,872.0459158338865,5.7065524498419204,34.307847791955275,0
74,2175,784.5616292176908,6.516295007491959,10.94049500019231,1
354,813,571.3460983768011,2.732996833238515,5.6700703798892835,0
336,1162,741.0647171588132,11.568346165986165,32.26859052385254,1
18,2076,879.7304056883344,10.913455331246904,26.339409880341556,0
353,1396,410.09891843452266,8.66571882547087,29.48738493677426,0
138,225,333.7628299476063,6.400639545184351,34.33542412460249,1
145,4732,670.9174517079489,10.439629915772219,33.09838271885752,0
481,3696,809.767482521846,1.567828125881555,38.632205142508866,1
72,3383,764.6622834288496,9.48611753129862,23.75772775982414,0
148,1703,799.8355123700481,1.4978497676021796,22.097347143096687,0
90,166,441.2274816648037,9.530527950592866,19.066051996175553,0
401,332,819.6558740132714,3.3092108190162834,10.37918649954716,1
172,2256,129.00696481690235,10.525086972218267,25.041253150870784,0
428,1269,549.044206981241,11.328505125904774,14.695438351409257,0
298,2258,15.701073893140354,1.7855516328613876,37.245762927454145,0
388,4306,331.33997160126756,5.552107260784722,25.411678149698414,1
270,1593,372.7969195226839,11.771848537952222,25.749406317783855,1
499,4818,402.21096469316285,5.800889231677759,17.422363130695352,1
240,4107,698.5125346229636,10.362570270174542,6.819627319219762,0
50,2572,394.6725202576423,7.064778265575838,6.111031788054602,1
37,2760,454.2066863963054,4.503958895035222,19.816730045361915,1
144,2839,245.1686895655842,3.4294026663104424,7.959788233403325,1
210,1861,379.5192737130467,2.4386770930330472,26.239643443904868,0
337,3614,234.99693099051996,9.141578296532366,35.83405519738801,1
277,2075,82.4639645307592,4.6384860818763345,35.90201857815528,1
427,2462,607.4141074475641,6.135305546409014,28.066589354628135,0
42,976,671.5306705694661,5.907905760014183,12.393114101552586,1
57,3912,623.2954425495184,6.927348350797574,35.204889097560525,0
416,3548,468.85910336256666,10.386925747494626,36.01327023596228,0
71,1412,385.98792237743754,11.768872123001152,11.882875473353554,0
225,1560,864.700313076107,4.891010502885804,30.809913001973705,1
302,2809,523.8909672848558,9.930227065275638,15.028184212449304,1
108,2424,484.3900588534337,9.174333535856611,33.092410932352536,0
181,1833,35.38564514837133,6.882347417466879,39.90332649662609,0
369,1705,347.8353493498948,11.472565723343198,6.050910186528748,0
223,2663,386.3936625979985,2.4056941863408334,36.40780530268262,1
484,3521,404.83455308793145,1.311170523715457,26.792068675953033,1
44,3617,584.370645535059,10.247543603465065,39.06839167076874,1
458,2497,538.2665212596097,5.26979779960498,21.275333113424967,1
236,3835,611.8260418655102,10.163626250484725,34.65857756999808,1
110,2970,767.234428926707,10.71708246234498,7.183792400939703,1
440,1260,814.8558813289326,0.7494911234288573,16.73476675274035,1
471,4954,720.9418454642295,10.601577155832729,7.345578821292349,0
140,342,955.9684589953854,5.379828664433067,39.137009671767466,0
266,2690,28.050256849598014,6.125189868050787,33.59408675451429,1
14,1163,203.82020582671063,7.519110133118523,34.83915974360897,0
227,4424,17.4872462283607,11.11659128076104,37.8287831001863,0
264,2695,650.999967013057,0.22939313315716836,7.978622014192487,1
407,1019,899.0502434604871,5.722121619813805,18.49591573796667,0
368,105,251.0474736105363,8.252664509166728,7.486221116540074,0
292,567,927.7641993483436,8.672483492378742,12.377758554251002,0
402,4270,69.66471638666525,8.310389178445295,13.027802196318532,1
216,103,935.0916665374591,1.6132215528974623,21.418752386665254,0
24,745,358.10646036723807,3.592747060460175,14.39967586087749,1
355,217,110.40662016472434,4.304586305004161,8.534233738621637,1
51,3028,491.0130415944624,9.65324649215406,10.86218811829377,1
389,2651,264.20880204330285,3.3451184689746363,10.154644724323182,1
470,4389,292.0241729423036,2.528459566406438,39.05768792693044,0
188,946,314.2170652770237,11.489376228457154,31.575237742146577,1
72,2862,804.9956388543368,0.1063594213616268,38.87165128443467,1
361,1241,543.7696639085019,11.973850268183739,20.3909170277768,0
240,1910,318.1946221644436,8.121855586288747,14.742896858192982,0
250,823,614.2304454778092,9.941631593389404,32.94026190232154,0
61,324,718.9891674809617,3.535432756154318,16.418887131440137,0
105,4727,279.89776072619844,0.17178333200471974,15.47841807968719,1
397,4308,419.413610510098,8.85443422273836,13.137709727274093,1
231,4754,130.66723240357808,10.00973516400811,9.538764237848238,1
494,2148,189.3378560393335,8.885713583442229,13.976207135586808,0
416,4849,684.306675425333,1.7142034476100632,17.43619119658607,1
240,4515,189.62396421867066,9.04113506708363,28.589797285100566,0
246,1673,529.9117498303896,9.227073385291693,7.189769477680805,0
152,1928,711.9557991052084,7.902486188040658,12.367742888287003,0
180,2017,115.80815386379639,9.193391193547034,33.31582741020867,0
38,4334,571.6390974326146,10.151057276132786,10.142267325431977,0
45,2126,263.99715586435013,7.363249370849501,16.992580128288253,0
22,3844,963.297606485204,1.0632565676361487,35.263062265034904,1
169,1001,488.71019025272545,5.85153371600653,10.422385890020493,1
336,4885,807.9326242774065,0.9317920160592608,7.895789246636646,1
196,2139,554.7242767346992,4.89051637238917,21.95882982780038,0
252,109,52.97840752627097,4.885277869507531,15.584682894748774,1
95,360,636.8198618380821,0.792118129682899,24.719292756934895,0
293,1773,951.8893087845904,4.185846407633752,33.13317116692163,0
75,2319,605.5957019448679,1.331977185495778,9.80019708534601,1
179,2160,820.9969708325223,9.698822520110665,25.324467959399975,0
54,3813,885.3643987149237,11.372256311573649,22.69280661364524,1
71,1719,235.79897422944316,0.8677977030952633,10.042757510461986,1
450,420,219.92439150914439,11.461382487500417,26.839946993514385,0
143,1442,614.8711789624818,6.270919192040942,14.577414625127007,1
293,2476,416.91818510863766,3.594788135446487,22.074201149040437,0
37,2932,841.4626898380532,0.9223449033139621,7.8795313496971655,0
117,2924,901.0228921640311,6.007491216845014,21.085442002476807,0
53,2094,359.88716550969093,9.534186533888985,15.72622138149871,1
349,3058,244.50185338473725,8.485037727200378,33.7833423914874,0
295,2138,782.7202600914233,0.6027121375676852,6.99425544490789,0
455,3590,282.05797519265474,0.8748220244148421,19.65125462214155,1
340,3777,824.3881753285416,4.834479391591645,21.04509984460033,1
137,1218,429.5008711122752,3.5434859285753193,30.375212670469157,0
357,1704,670.8744002985558,2.788611876672574,25.100065128157386,1
482,4127,104.57996069632149,3.372053986904563,28.352431801796335,1
240,335,627.6207314298073,9.641792919562615,32.196724997811465,0
199,2069,457.2500019498568,11.150736643582247,35.177104078036606,1
234,4529,590.7423785437194,4.861232334330797,15.985642385286468,1
394,2008,176.3340656674148,10.873332025589965,23.830794687736603,1
386,475,739.5050074947403,3.8579484149745835,34.403782745372,1
292,3630,864.1691067677963,5.717243836125499,39.63078958377697,0
455,2735,224.5724020898679,2.7123479737919967,36.13317588653171,0
130,1670,104.7574099649601,7.685712506110128,18.00135419185319,0
125,2660,33.40220018587303,11.747773382097707,11.830828102652765,0
470,3491,645.5517854388333,7.241917152520544,22.128738809230605,1
242,3065,611.023095727893,4.293769009362586,30.957450814261477,0
268,3743,551.2304385869293,7.7738093518863405,22.239917476365417,1
368,3950,239.62762515481566,1.4750481415846508,21.911330215978396,0
207,972,396.99693594645953,10.663908963184785,34.33806473786302,0
465,1352,598.5315718343113,6.037007409358036,17.649132267351522,0
420,1414,501.7991902705777,5.392196904475705,35.0928136184076,0
146,4920,987.9076650127384,7.03037746144223,19.238168033310323,0
327,2998,145.0753550311658,7.4974063534728295,16.488158698741877,1
174,177,698.1931085071178,0.8613096747181563,20.889646891989464,1
234,2721,410.2755804232492,8.19140665468083,31.685643553620395,0
316,4327,433.9176187763586,2.903180163786355,9.410070975239801,0
243,700,720.4217880015945,8.567431590079078,11.874672555520608,1
181,1165,695.5117898111259,9.870417532610361,38.30056889820822,0
161,2236,991.3434337651664,9.647502090630244,11.142206958347508,0
472,2549,137.11034655958397,6.6300116088946695,24.87045612758691,1
324,2443,113.06855289032467,6.242038707729014,25.276006333167825,0
383,1963,727.0954289574537,1.7145115360729406,22.136856171758566,1
169,1418,582.603047836345,9.304153804837627,27.56608370018865,1
105,4811,281.4190598942078,3.2569125653605724,13.043935402916645,0
481,3697,88.62517529909674,5.9603450738153585,24.34317937218619,1
242,3862,94.80166710046623,3.4112891151302005,18.0260639336414,1
189,4770,895.2489659174771,1.6059403559963177,28.158354087021618,1
122,2290,199.94865147155548,7.554692362700839,9.942824018060232,0
327,1092,330.13784649436553,0.651984417874846,24.980709589381668,0
451,2812,234.38983820471813,8.9837428095144,11.48446243841633,1
61,2292,361.4463427736179,3.8110415431334,14.752507209026273,0
277,1348,78.72960431863244,0.0016163160538238408,12.654843011325413,0
304,3154,523.8691929991877,6.133549670846758,11.399322295408599,0
395,4698,76.93643795629275,0.5622229023312375,33.899883304623344,0
396,4133,802.352942744138,3.3140346938507936,14.999764868131162,1
122,2097,241.3749610913287,8.483717849468594,37.44933236525573,1
110,3787,544.6117954584655,0.7522754594623904,38.94742838708168,1
122,2251,881.2782966858437,10.072061908272028,24.994116447798408,0
449,4118,654.3685953567223,0.0458390719029973,10.005039293300424,1
90,3210,537.628208685822,2.961886430422827,18.109188518285343,1
196,2070,331.09041558422183,8.890848673824857,32.92062921718749,0
122,297,339.67189392761594,3.7952417967516814,17.858675504397468,0
11,2726,672.7920856462082,1.2227086567921623,8.045602640597606,1
139,1302,994.1979676089559,4.322807025605135,24.487471882486577,0
229,2135,665.2207979508848,3.2447194366143064,34.57922980236121,0
63,577,562.2055831963247,10.11254282592666,32.85742355002259,0
352,1354,733.3440051368536,3.7601750110217176,11.129309904562364,0
494,1022,470.553556160881,9.467189661312087,28.546761504436336,1
233,519,69.54091917477737,10.702465737728817,12.71764922024765,1
234,2304,566.6738477191307,5.205809034918355,12.637263709326028,1
394,2697,958.0490316603264,10.919317726252704,35.592512065681476,1
412,1220,183.54991293408304,4.527816647558314,13.738413345908056,0
135,3168,693.104841912459,11.568940997881299,14.213657128130391,1
139,1050,208.9243517724659,1.0714742943068751,5.022868676645484,1
62,2436,540.4694076283505,8.244231198038912,35.47341619439312,0
181,2343,105.70968515025243,5.925768485483144,32.740818462319716,1
227,2745,455.86722689560327,4.651785665467765,26.95651272817373,1
169,1957,758.6016956062936,7.5925425449832105,31.259301737859477,0
207,4712,354.09580899659227,8.446285099611973,10.321699859857212,0
425,1965,668.2626072423459,0.05235923580370905,21.04132581056514,0
256,3012,797.4954611818318,2.0034370649663846,17.29267855720733,0
333,2953,927.9060412846582,8.556552607611824,8.282178418995578,0
448,3328,242.29566103689902,7.996624962938478,22.014566982522343,1
212,3819,405.32275665121506,11.592570061544127,37.22588776199224,0
193,3328,160.89185319711325,9.132453483009396,6.402069166774307,1
132,2471,992.5586671367914,11.409272492776056,15.201131972282786,1
410,2991,927.7309582450523,8.430486018417684,12.263932767199622,0
264,3856,544.557558977754,3.576626503673318,13.33513287829937,0
303,4325,843.612961432657,1.2643790670102777,36.79520931577814,1
289,194,525.7483974993218,9.381886360139227,21.382416898200155,1
334,2774,627.3498311227321,7.729790657710991,21.320479452893657,0
381,2055,98.23318779485645,0.5782321487195548,31.62014748593488,0
107,893,757.7177162918398,4.32060559081174,10.407227140172402,1
207,1934,136.43634879888248,11.481597785811434,22.054287393501777,1
479,2216,827.806953950003,6.004813748522414,20.04948249423709,1
404,4206,784.207806793682,5.192749632236456,25.891874169132965,0
249,3425,711.6572507655467,5.492395261911527,39.98451961376535,1
153,3019,45.79877671951449,2.5065926880619647,31.93071129287165,1
106,2697,310.0970723858753,4.424486050377542,18.92529960560995,1
210,3305,270.4814442117344,4.43775907184612,33.964356829591644,1
133,4907,366.5350433968039,0.6282602422496688,10.974792715936807,0
196,914,96.76631929620015,9.21081154221502,6.066229020813605,0
335,445,937.5882448007521,4.998053182846547,12.155693036249556,1
473,2449,558.2642183052525,9.86615864179708,16.914404463999087,1
358,462,312.4690675514433,10.204176013438744,22.870326511084595,0
268,2543,403.0117019035406,2.5439286563838968,26.529519918941993,1
157,2365,452.7305150997873,7.888241786041543,36.87120010250476,1
261,2288,604.5883900270111,5.6673816499557805,22.84489033426602,0
452,3105,520.5226334195328,10.56188085505782,22.54464756190053,1
429,3381,920.1980534822732,2.5888881501174494,6.758505343804375,1
412,1084,501.99384807677194,8.133758403720531,6.221904342967833,1
355,1739,992.2364346750795,7.29302546703267,24.290598667073024,0
460,927,852.9107081676448,3.5436177308619934,20.336251463692058,0
156,2830,216.42540921376246,1.6392108438140713,34.37131382431045,1
157,3631,931.2892624974771,7.819677125727319,10.623785464914581,1
361,4551,125.20273390662133,8.863169497587968,5.874008174096736,1
208,3035,819.2752114062797,3.7875281251602,20.716356877554404,0
317,3976,386.81706054181427,7.7379912482677655,13.311749486329012,0
498,226,879.1945772406189,4.741570891338039,6.736503066859311,0
426,3277,869.3761232063758,8.558482599391413,30.360940039667014,0
433,3156,807.866146116445,2.3905832987286373,8.905754998503662,1
137,703,792.1301319439908,10.682580031634092,26.291182500272008,0
48,3549,311.6323477070604,3.4489151575869568,14.83674125584112,0
347,4246,90.11009022073965,4.413431853073835,11.072361762425771,1
369,3633,408.95037697750985,0.6971034249641974,18.29130330217611,0
138,3467,181.7892698366436,1.3381465478553167,33.050602167803376,0
276,3468,698.0015780134371,6.1903428325479375,18.723275191660044,0
485,3897,352.63872927240766,3.211112120735658,31.27693772238695,1
450,1892,975.8540988513157,10.025762708906333,9.392020387970273,0
482,2961,644.5623565718787,0.17632066385944611,32.046999688277765,0
443,3576,824.2557579980173,4.549128584063235,13.292666371732702,1
160,3517,141.19942601442995,4.048146561229112,28.70875954611055,0
424,1745,863.3943374498963,0.23193157101121242,24.802354419434874,1
487,1305,923.5296186082604,1.4924207880061227,37.520065102409056,1
307,3130,492.1912996307465,4.963712099023623,18.556288129135993,1
108,2972,610.1904083734677,5.91437501336936,7.315781609205416,1
272,3172,767.1617028939655,4.85147696705843,5.670441994293852,0
261,1954,183.09024098780841,6.371252140945126,33.94004963404636,0
153,4121,507.540415698808,7.141580098868179,23.365747318150127,0
355,4762,404.67639749459,0.11908585353402756,32.13354181422322,1
121,2808,154.91025224062662,5.569141913442047,13.204896000403014,0
69,3602,373.8590780686161,11.56199089065106,17.07793109296318,0
378,1432,77.49058629163864,6.228387361554585,6.053635527396163,1
11,301,35.553787879992115,8.130507209507439,38.65223136009393,0
394,3607,143.81462626327453,3.7423662950025984,28.37537673452847,1
313,4312,963.4839604732821,9.28789653783315,37.66217807157572,0
263,674,554.0342405360668,9.27505778251338,14.292374260017532,1
149,636,966.1639395416878,6.255552571849668,26.40122639289813,0
462,1725,438.17289954683065,11.712165879350563,28.747498890242323,0
46,2222,318.697971754407,1.5066025771518405,16.114239509015597,0
169,485,511.08044421184167,0.20337197867497192,34.68382322554705,0
18,3381,445.11657174658103,9.241898541085153,38.15065120150867,0
242,574,114.60803741912648,9.68586644837859,35.96992911936015,0
108,517,644.4180515433042,1.442486749446915,30.86734415787804,0
156,3700,223.8778006845036,3.186993995503273,14.71126379037339,1
313,1054,623.3920753488513,0.2106283603995469,14.856561473697111,0
217,4958,653.6990814741719,3.5197033293667763,38.71761121561133,0
140,1305,160.50460459736163,9.277702487024058,5.359957357749221,0
413,4859,70.73613083956147,6.215526332550947,30.061749063475055,1
161,4220,782.9539702077554,4.177147118019457,29.718615689434177,1
63,2090,465.20241953162696,4.460871538875963,26.79413393324291,1
129,4905,67.58215755042103,0.01624350858561785,39.6538096130403,1
170,3672,994.9176539980695,3.5976063307828308,15.915780251730384,1
417,4480,67.20275538640297,7.757504899655165,16.899015232763688,1
125,4258,698.0848765699676,11.690333325796285,7.762879103129444,1
84,4857,983.8421360107794,10.164729923806794,20.49793477903081,0
122,2813,246.78830317376637,0.2831395757463495,14.136698418219684,0
465,2303,150.8268750003242,10.782727256098072,17.018534576217547,0
429,3220,130.17109002820462,9.39838095958351,34.210012658946965,0
431,1066,310.2423960919196,9.364513482851764,37.74195797346235,0
113,3532,110.03535290054022,5.495949108042858,11.500657520181498,0
349,788,695.2397282771906,4.776063515454034,18.037812604371304,1
263,4343,71.66888014876207,3.6349887459983115,37.50206967403879,1
236,3801,514.3279068682918,0.7883383074523893,7.163296124122792,0
121,441,996.7298853144471,2.7388243619243893,8.232618483898248,0
482,1824,815.8305668109587,2.9592436197362955,10.697684622218027,0
108,4522,619.0672438487007,5.808924836522419,25.832449194440617,1
162,1892,313.1910845787456,8.969332879160328,10.266529485209912,0
358,1859,627.6568779287221,5.685717940775359,38.882673350775676,1
411,3312,531.7710492725352,0.6941333933659273,20.63500845404821,0
393,1089,431.8225500514678,11.493477611858447,22.553128612255822,1
375,2362,139.40327297279748,11.312691829129347,13.633051553189228,0
347,2582,887.738173088062,9.4222745177809,21.483608835215673,0
203,1051,455.2868023331093,11.895934818770646,28.166977142295405,0
319,822,202.6762867025574,6.5337879936031555,31.291199793391495,0
172,3489,374.0817573685167,11.553220203038473,31.385382894846956,0
217,2179,419.98845500363774,0.9072604874010093,25.226188944293092,0
454,2817,829.2625166112056,4.388168979136456,36.652592124785,0
178,2432,736.278236755788,2.70457521608119,33.60927465571383,1
493,3476,771.6118447049264,2.3499970096112404,31.49668401445189,1
170,4624,20.920951784360742,1.689635386712113,6.9461932588161215,0
77,1600,421.9924581979639,7.46896369879196,5.240728677687726,0
298,385,486.5307101189704,9.37586226896766,12.435654701841553,0
407,3595,29.00035405482612,6.939580793044328,28.22332578697083,0
286,2165,267.2150766575839,1.763552515058516,19.391912110889102,1
313,868,762.6869248909137,9.73348523920165,19.08421907547591,0
413,3157,145.73860867170907,7.631456485964742,35.96054108803648,1
393,4389,539.9570301380658,4.657988473523947,36.344699684614355,1
401,2261,223.04985329706514,8.089563546432755,36.8211342418755,0
144,3393,21.99956689745434,3.118859750913994,15.985732678025956,0
204,1046,248.78944302354606,4.142306501930526,29.18695344587416,0
410,3435,976.1150173609533,11.009830117583883,14.507161344602938,1
137,4250,803.5217407641597,3.4860540680570447,11.671344157605741,0
42,4995,959.9808778778231,5.639859217895239,11.462136007157923,1
185,4973,492.9755034870988,10.681693648752177,16.97376673022579,1
469,1581,118.63883669072847,8.49265620321033,20.04851669229376,0
452,2001,552.479894083956,0.746438713976433,34.083220986927394,0
380,3551,459.8335612143613,1.767636531347644,9.196188271544923,1
479,4164,845.9135119122197,0.09409908926300181,30.722404658821297,0
384,154,107.10175497640215,7.571061482749961,23.600921996625686,1
31,1923,493.3587256515604,5.3720811049250194,15.078086993659737,0
247,3562,158.54817804704442,1.6112982108273064,22.24868545864886,1
167,3179,331.42916762115937,11.495209452681244,15.497972442195792,1
47,932,739.9835066139217,6.355916687347438,25.862868433340708,1
239,4508,481.25794807507884,2.90271952935467,20.184537299933545,1
374,2906,382.12940229431166,6.007242853856491,10.754193517760756,0
60,2590,400.53151578433494,8.155443992821294,9.080407609449384,0
447,427,464.8523007219268,0.9148706156827737,24.134348872524555,1
273,3410,787.1663783986863,3.296445780574704,36.58445616501362,1
292,3400,893.163842050832,9.683585890607922,17.038519029518994,0
36,3775,955.781339638889,5.515978444831935,30.655003752791814,0
235,3154,789.0343523927421,6.558925704387539,28.053147422891843,1
286,2243,322.2528267905326,5.193792026513631,37.60442200083183,0
295,1411,691.2533590256767,0.5267993117160614,33.73433560546993,1
106,3291,443.227092814838,1.9889973578418711,24.831184061691204,1
293,2638,262.12391582559064,5.346499664902691,27.996067438193755,1
376,4083,842.4628636316634,2.510225584895134,36.443526330441216,1
457,4647,48.04208547270175,0.5997483439161448,18.983157460542717,1
490,264,902.7443722140692,10.123795968621884,16.437814705022205,0
462,4377,466.8626899784868,11.77431034996939,5.378387927231872,1
326,922,640.8294620401977,9.517714487960873,33.92928759670124,0
313,1043,662.7603829837249,10.245419060456005,33.03432451411777,0
156,4525,896.166563299471,2.9037255638045445,8.6559081335053,1
13,874,640.3029853455353,11.527523706158398,25.190008339644507,1
44,2298,617.7942489124612,2.3631084534411406,21.23935943584106,0
201,3256,75.98552015508307,11.417157724341987,9.154818342818901,0
58,4342,523.2239417257521,11.937831527591413,39.31988794712532,0
26,3795,158.66731080887124,8.540673668952586,12.514356061217441,0
181,3552,740.0594310342707,11.773724781501862,7.35319630316964,1
229,1014,517.0997016045478,6.834477354805244,25.819658282566834,0
167,1408,683.4255014162698,3.114501398113084,30.86033369965614,1
486,4277,51.256171596360424,5.24395062798745,6.135520611651543,1
55,613,93.94409588534519,7.122731224545431,28.055117355445777,0
382,2020,719.1601541820554,0.8769787443241799,23.630215658300905,1
15,3694,81.36349263868664,7.468119175406953,8.614275310626695,1
108,4941,80.544160487606,11.774134041147533,11.038335693122672,0
389,1509,21.987390482538576,2.2812917974047315,24.87910040606282,0
242,4902,956.9363843164853,9.5111413954606,15.372516472965094,0
46,4666,740.1332758644169,10.894785525355433,37.841050502796065,0
289,3290,359.71889441704354,11.32441911384265,33.65590803194178,1
358,4591,303.5702254747787,11.521627252865366,39.42485222797821,0
311,1655,356.20619744839104,6.257515664657664,14.08847936326449,1
190,904,776.90699586937,11.727694895898043,38.940327147929196,0
104,1379,664.7569049597103,9.087722485613266,20.093185442704524,0
108,3677,193.34361218879326,1.9400572348435428,17.163157835981412,0
197,3001,182.3682419807435,5.722801277615639,6.7622334439273635,0
490,1487,107.41169321626334,8.619974104464047,6.846784025086092,1
125,4788,663.6996925043247,2.968083789829,29.220393958132913,1
200,2861,766.7289355995185,7.687382202586648,21.027514805190975,1
262,2779,272.395964041754,7.999205748559431,12.928256911263698,0
478,2206,30.735511420603682,1.9523969257027907,26.488960721383144,1
425,4323,91.34995080166307,6.781023749433075,13.850034138753891,0
480,4931,968.1814344965802,9.259522931743293,25.21711140205479,0
170,2868,302.4903297026461,5.986747974431303,17.57230614439416,1
265,4053,771.5309163597523,0.1452374013132891,33.82432793141366,0
332,3286,628.4169331657212,0.10846162895150613,33.724365626837276,0
137,3380,388.12024325636696,4.284352127640146,21.707263934284047,1
27,2673,213.63038957359956,11.114328821181385,17.278668826725546,0
290,4716,130.17255397781236,2.7441213552433052,17.68959287956831,1
499,2699,618.8628383584779,7.612364266460245,33.200008398387624,1
232,4133,776.8874428314101,2.664910448319847,16.48628189791642,1
63,336,647.4652110057194,3.8600398759145835,12.31707807973961,1
67,1404,534.9991119166667,10.176505075217808,7.964091965635739,0
332,3530,51.5317111973199,8.746337307239362,21.334259230954295,1
369,1401,968.80388981844,1.1447913277585275,21.874623462194467,1
183,2641,800.7270497380289,5.144424251837203,34.43180486410175,1
289,2151,299.8938163339551,0.3500371637431736,12.743354375612238,1
123,541,980.1706260652621,5.770681759236108,18.334694578393997,1
297,2176,605.8627737399589,7.949208140412817,33.29420086127918,1
440,3280,586.598431625174,1.4220314831778187,33.82682637621407,0
351,2757,750.5924476352368,3.466619266909988,18.461387659256886,1
160,3898,813.6520902092362,4.774039506025883,21.069340815033833,0
459,904,659.9138212581876,11.034372295872597,15.615006179724903,0
136,174,136.81478890253803,11.919060185075569,37.639420744675924,0
164,2275,344.8848309345534,0.5389355879473903,9.15253180095531,1
499,4024,928.8028039227893,9.132095081944705,37.68122980505145,1
395,2189,232.36945572541342,4.460688796828119,28.935325814237014,1
483,140,378.4453535991382,4.70949823475376,23.605025344035592,0
282,2181,437.75611411475404,9.051179680164273,6.143067127457355,1
113,4783,445.01093979750766,11.021117185744904,21.64586671377029,0
426,1722,616.8101866695803,11.411143134030581,19.271183675095628,0
402,441,943.6450793672606,6.92547103245985,10.64265841912929,1
308,4152,248.2857847141799,4.285453911606034,27.974336122522992,1
255,2174,130.28636253790887,9.450589030305352,38.99028175789,1
185,745,205.49578496133793,3.012016599147603,24.67660838725838,1
48,4926,888.0556512071768,6.768888346002213,30.016364675538103,1
486,4363,649.3527045286539,4.302941538298478,7.395765839810587,1
179,709,293.0477213467685,7.879572884494513,19.618344853594817,1
256,554,817.7874695789311,2.884786954722083,9.072546980757355,1
35,3053,862.7562963998016,2.2991153488179092,26.447854243777865,0
364,1808,848.0491953033752,11.018869040105244,37.846875537495414,0
315,3572,919.7372683031589,1.2216441953944428,28.16222063650735,1
418,3069,259.718609971628,6.07149489281918,7.688106691004753,1
417,3128,757.4915094588155,2.650233395556107,17.4133171744779,1
22,4897,465.9341023013986,0.4671595599080094,24.273218280429802,0
325,2781,843.5785673611609,0.4322258194971167,19.112271464663827,0
400,3729,731.205770389997,2.102661265269928,34.177540366631035,0
322,4325,778.6829720347274,10.401244254072003,33.51348516484963,1
45,3167,659.6002193042608,3.38974492772432,26.41408570361275,0
182,1486,185.6544817750098,11.405510046903549,18.071028079644684,0
29,3876,549.576649707969,6.979467515870322,13.936773081713545,0
330,2966,984.8230421292632,5.239370277225193,8.705601137459526,1
273,4888,938.0141858321477,6.961066016033455,17.42141892202939,0
409,3463,52.74199843904155,6.200380622715214,19.461038102270184,1
151,4989,173.16666757214276,9.105315045087902,28.653802378642578,0
469,4224,140.4114857200163,3.389952791674227,28.035593850415072,0
380,248,728.7201108854425,4.236604699203628,7.453784887443993,0
480,3950,819.6074765583757,10.729131630399008,18.834076040090522,0
152,2158,221.3762526475652,11.357478157804866,11.362260352607667,0
101,1236,510.7941660223107,10.710698729837695,10.488444686088199,0
363,286,842.295997731088,5.0333759274877625,33.95557524080361,1
331,2954,735.4735293185881,9.36438603608258,6.467032585069013,0
297,1350,546.8148334369298,5.716028799613186,19.671400656574246,1
224,1433,594.4442135541851,5.970478225753226,10.887127951828138,1
456,4293,513.2769414471172,2.4561613086874075,35.776557548746595,0
351,4250,304.57296680563235,7.0935636391021974,24.49641796462623,1
60,2811,569.371772930426,2.233630773040175,13.09832227318968,0
162,4953,691.9964490295898,3.9787763888063252,22.584955050823176,1
195,4601,874.5896867021996,10.260362419439222,30.602022589609053,0
72,1885,639.9284404394556,2.4849097105302627,38.53413031218018,0
199,850,763.5103216727264,0.8538994220811937,12.715610148589663,1
134,1862,168.47091860502726,0.8280911113537957,36.01636202452708,1
159,4020,466.94189967559197,11.289414246037294,37.70064399586216,1
323,4560,19.238303628822365,6.083045255542015,37.07471905862232,1
67,581,254.2120758764068,4.91294486180422,27.239502490166846,1
351,253,729.1970979618748,9.730542972095021,27.043722905214768,0
314,1624,991.8918518358698,10.029911134926191,19.112372161433797,1
189,2220,108.18631859134375,3.9862923973872553,31.333925880632577,0
179,2443,407.4793727026754,8.323416689685542,23.595290642282617,0
335,1340,802.0702590121679,9.253473790222639,28.710332492990307,1
280,160,211.99527828260986,7.855808242391454,19.99602663470784,0
63,1038,559.5340998092634,1.8191408976011925,30.602376241509866,1
500,1739,735.7405830693781,10.510597002204683,33.85650311615922,0
453,4220,619.8255957575773,6.469134632832104,10.125268981098564,1
110,4326,196.14448726926196,3.3896691164400443,34.15254004509798,1
490,3669,361.83072299888204,5.1027382252523275,23.910378612660754,1
273,1352,785.9538666405432,0.45085308478688857,34.563306818157855,0
62,4303,558.6842489906965,1.5344016146690107,20.095559721935512,1
69,271,15.17731740748361,9.186561006190331,18.266416988406228,0
117,1558,763.3808524278129,0.00013961706439369337,37.02712563810279,1
14,3649,44.958241390836676,4.998789941787506,13.790924364194046,0
112,4297,748.2764449039198,6.270122173027062,34.54743138501501,0
205,2422,210.45575456358503,0.6556130400116675,21.940720037829145,1
271,1736,958.4927453181864,11.676937955667995,22.99334048929409,1
374,3215,374.26134378906363,2.713503974996063,15.796389852131941,1
489,4190,333.6623001746983,3.6503846356353704,25.05647702166555,0
381,3104,157.39916982912024,3.647310147060328,16.382391869667394,1
359,429,312.54817333531275,2.764999945408199,6.374429498457831,0
56,3740,877.8842542099186,0.017685865035736992,14.519951187052461,1
364,3994,996.3709942509748,8.752137529055956,5.223266519230673,0
320,4207,374.6264352017798,11.602145997591425,39.242417546989984,0
433,1441,454.12452464499717,2.6915217994205407,38.801152343691165,1
317,3763,724.8502288207097,7.956566301641069,18.830435411530676,0
153,315,887.3338226604238,8.902755923504582,30.492979901887608,0
278,438,597.1138908449163,10.181104549086296,17.103213444364876,0
379,4162,397.61044119605106,5.0715503641633095,28.48826049800916,0
133,2808,418.4956224401375,3.635170867685151,33.190051506609265,1
115,3252,698.6619650318388,3.9035416082763734,38.13646856422842,0
167,1850,13.186080968235895,8.551455997182154,19.00742965473852,1
156,2521,623.3934440852423,9.801353598067632,32.41542940346167,1
154,809,361.9380803369438,2.179367613079232,14.307495772124158,0
129,3826,796.2553579643134,4.451292097893182,39.661630632777694,1
328,3742,102.06073342490083,10.8232823609898,5.90193595675229,0
284,4093,592.3202442789066,9.68032223633687,26.123508227539233,0
101,588,486.16316098726253,11.81830083314971,28.08270935779645,0
67,146,645.9022706461751,9.050979116184969,29.08159449759451,1
448,3459,74.20505853813866,4.718342412335067,9.213565257618114,0
355,4973,584.18394955385,7.087654007935653,37.848542421559564,1
238,4906,565.8697420799285,7.932171050967844,11.341414766752898,0
483,500,565.0534934720092,0.9414697958054874,26.796369113394437,0
126,4090,607.4527899304902,6.533963509246381,12.793662769307973,0
327,3257,679.7032578540986,8.511849941671315,15.75257459574448,0
288,4445,806.9391096839621,2.0078556480127245,24.126048960484354,1
136,490,277.1225129269322,9.367580609106685,19.60176964976018,1
402,3953,826.7989160782614,7.005273366169339,10.60789603417772,0
405,4530,503.2731254408191,11.426661428371135,10.98277408472969,1
138,728,86.28769634298786,0.5090675784827003,19.63506758569799,0
67,4332,67.96541995153942,3.1839136506656036,31.504904239642524,1
131,3030,340.8959355091002,7.218646551597889,36.4287626396726,0
10,1621,787.0480073403529,3.5587189464711684,7.944468179078399,0
248,926,710.6041253935066,8.573089968854907,18.758636764579038,0
299,4922,790.7288150256824,9.108063390263172,8.508594730300683,1
105,1600,522.0963658771933,1.2301915687976934,5.580736822140926,0
135,3394,445.7970079759356,6.166253570481213,28.16015389253848,1
127,2519,155.97800143922112,6.106686667092671,26.085730468830572,1
57,1034,334.91082607321846,4.431369242586493,10.705668983521017,1
98,3142,439.6791725121365,11.195098350836066,13.183449158257243,1
497,4597,97.71442538282106,9.930075838478654,5.829771377558143,0
246,1566,228.40583318409915,8.366512582915641,34.22315219930413,0
382,3661,602.2430411231014,8.57191962881997,39.1141708616993,0
394,714,738.3064830967979,5.540593725757429,9.741083787814178,0
281,1282,998.3640362790202,11.05193425315891,13.101632481785433,0
198,3323,933.7821980301221,8.335145127039425,35.39433333814269,1
496,2767,646.1395475398397,8.747772739869797,37.42623292846647,1
201,230,427.0355727611313,10.340290845448143,19.68695839823836,1
456,3083,639.8155910611504,3.288859072106292,6.771786529417595,1
78,4378,787.7951018994297,9.684850846400437,6.378714179248679,1
287,4559,127.15282901415344,2.3428872354779045,25.088245312415367,1
358,138,415.8058407993254,4.1441034269386545,18.751328811261267,1
256,4059,841.404262779261,4.027325451238113,6.002834965217908,1
460,3687,389.99462241371356,11.742305620669686,25.413833730939487,1
85,1020,576.1535485149146,10.278446684975123,5.395588780615786,0
163,2869,591.8916672535762,8.414038339083117,32.558018535224555,0
153,4211,192.63149060230296,8.724681139384682,15.725148794618006,1
444,592,368.6130872357655,6.744873532830853,6.409030105323124,1
494,1231,341.1661758545128,11.36508800530223,25.592327734410365,1
95,3621,35.93474144674414,5.955105034588339,18.918954505156915,0
194,410,33.94984625244169,4.566212518438734,39.083014467500234,0
294,838,833.3800732390157,1.956424043179092,24.046953187629576,0
471,3341,280.3401018730843,9.434467827132696,14.63337133629529,0
229,645,522.8979785764272,8.813327184907097,29.830360262189117,1
78,2561,305.7383178528853,4.612260462289619,14.502220088994896,0
56,4446,941.2724526641871,0.3023209675107523,36.64851519926478,1
103,4954,266.703791277116,10.067967932616128,18.115268967758176,0
247,1904,435.36024461154574,0.1370158014488836,24.245399697167183,1
455,3312,874.0029479797558,8.444397355548611,6.77005863384801,1
462,3910,843.5142311238906,11.643085316712686,19.914243328328077,0
213,913,194.24040366781455,5.251935937778441,34.13272388813482,1
409,4224,804.6168766977534,2.819680859951433,33.19770818771697,1
227,2132,463.60501787051373,8.45845212052058,12.85114955987342,1
483,4672,488.13918336450166,9.80553770418702,12.912767485369693,1
441,4513,142.14517269178435,6.557163792934167,33.605685927463284,0
350,344,89.79549861955341,11.604423303073755,37.563944705926396,0
48,4943,730.6599139040276,0.6200246598955332,8.337632244555124,0
109,4892,501.49654083174676,6.057547179654337,20.752052379917885,1
298,371,442.48219558902775,8.621447367870601,16.81089976374801,1
263,3611,732.2131463658727,10.351685653790147,35.474095941010376,1
231,1871,767.8577700011987,2.1510673428934806,7.923372013800657,0
366,1362,167.31908599266004,9.600041781164176,12.389407989531309,0
32,2524,614.1228979828649,6.632484908622543,31.336391815527303,0
259,4461,144.00054145490867,4.758644183879559,6.795284714342546,0
19,1020,753.8613351687552,1.5805803429491228,22.238738325000124,1
255,3530,660.3856047044682,10.38354910690695,20.4737462137902,1
334,4535,957.0484748726234,1.8872784981565842,16.704041264606204,1
109,4584,78.26843619285697,3.717454310509191,18.810031036162332,1
299,2724,66.48417393974177,3.4805463835492425,23.547920542558153,0
189,3860,289.36520394626814,10.456968410290251,10.64785754359341,1
232,2150,269.0886268985469,8.072435930506776,25.019855739925745,0
403,3600,254.50901108127982,9.560176766296468,33.190131525499524,0
259,1265,907.1920347158264,3.0056147855099877,31.605632542655567,0
156,475,257.05073785101104,7.498489195283987,10.38649666428208,0
451,2133,279.2302288673447,6.860951797724985,10.223731440951587,0
105,245,761.8042797937841,9.993964521459253,14.386102871071966,0
266,4488,455.2424440260346,10.873044725775127,17.637615421936303,1
334,531,778.9434513856294,0.1458812577286417,19.295945349296893,0
13,804,74.7124959887414,8.088239028705512,28.789402589167086,0
25,2732,492.69548173665044,0.6220295894367482,6.983815125804239,1
289,4594,43.27746418144981,6.586303980928271,6.2135446479123235,0
345,1063,72.02667142080098,3.4515927485241384,18.716869703036814,0
256,2334,907.3730788109668,3.6813191942656944,29.400729224829316,1
267,2141,147.8529174064192,4.235502041428279,11.77023700347689,0
485,1928,537.0964754524649,7.455509388595321,27.45265684396881,1
393,2208,416.98464657469947,4.0085995880252305,14.09398482791048,1
169,4168,353.86989299625424,8.792388607083364,36.013013808473076,0
484,1038,900.8350122303998,4.854328626886437,36.349148049331575,1
349,4905,31.605162807734605,0.8202384037195034,15.405052149846426,1
161,906,667.1517893138332,9.405118109809287,13.049781388713418,1
405,1563,963.760489871415,3.429099895112472,19.395639022318093,0
187,3515,564.5665016272235,5.193202555191151,13.418605481305205,1
172,110,937.4542374127609,8.225326598662818,28.533434515209628,1
389,1968,61.73530049316353,3.989473885784544,33.91226395918999,0
42,4967,424.6053858834198,0.6790278737605875,28.558224581892595,0
426,984,267.5562130524306,4.487052564153763,33.85226565372723,0
454,3664,733.5127553309225,11.333382992331641,18.894725677261594,0
188,1489,981.4841195922742,7.700812767582699,10.471093974810131,0
436,3501,263.9647618198053,8.057749784006482,30.828283158915724,1
110,4421,657.6328554593338,7.587385843651678,17.616607679954384,0
277,924,206.11665643214272,2.3879056675132415,28.49447888301964,1
332,2365,569.6769520258938,5.020006369227362,14.472537969361799,1
74,1036,469.2931618214528,9.011277580359819,7.843037218233544,0
426,2900,972.2852763352217,1.2164747706379098,39.74036284207172,1
177,2653,612.4419999695019,3.334233313076547,10.467052777570974,1
339,3945,356.0113083659506,3.3158293015902434,39.59473478872184,1
52,1896,122.95482703905404,5.184227131134072,39.20479763982566,1
53,153,159.7343604475852,11.76442489130622,32.78363363678139,1
294,826,233.06376065172273,0.8100305602058633,28.079803672869915,0
406,2836,258.456994726895,6.22441193256714,25.223246758787965,0
21,3270,852.1098972627265,2.1523761841465254,35.313554088224215,0
104,2013,565.6105603996997,11.64811854491693,15.130383256682078,0
311,1696,528.1570022606228,1.3596420567295704,21.368842436970695,1
395,2014,123.6211831505253,4.843212028339095,26.678648927827567,0
262,2566,861.5382964159406,8.854619818015275,19.39166665543219,1
251,2837,725.5861601763988,8.454653136329343,19.962025893159378,1
44,949,76.99167828100157,5.072743642727187,16.559963362572955,0
224,2209,710.756746257471,4.158290015432619,24.748113583958762,1
346,102,548.1028351692196,4.771348542634447,34.77010848052906,1
99,4355,90.90809228931047,3.1713151579036714,12.05349323022095,0
273,4169,463.7176351133699,2.4639952644815977,37.70515635637045,1
102,4976,489.8493242587465,5.79647637070668,29.11806788118804,0
419,992,174.116794761643,3.222405072811288,33.81456244380105,1
467,2130,946.2411655302795,3.4495399787670014,24.466674242050406,1
99,3260,851.4756177658553,7.881072761694685,32.28308454984222,0
427,2476,672.3321139558172,11.622447980398707,5.5670139068813524,1
124,4775,467.6726053906011,7.243646406712501,33.643314867283735,0
114,2033,417.64788616866343,0.9237536047795953,6.404860067987828,1
400,1480,654.4637324794446,0.9070033662488037,36.146968172700184,1
205,3781,549.9775507128364,11.417078650146792,39.71869615335252,0
323,1390,71.65037482306676,3.5674894836880036,15.292361176187224,0
123,1740,517.3776222826284,1.1048038329897052,12.361149470002779,0
84,2782,808.3395810605111,7.188535045804579,31.787717735031425,0
422,1087,464.64747882098845,7.483785339483193,13.855921932208863,0
385,1318,61.437011778725726,7.782057841424258,35.29468341102712,1
429,1455,788.4154173901927,3.2088243342904956,8.599490725511686,1
226,4365,209.35014431461465,0.1813282105737004,9.40843187327754,1
286,4716,266.0346265391584,11.580184433453663,39.27030442852155,0
258,4235,173.05928989797295,3.01071654829323,28.584361439450163,0
173,1660,336.91291422278255,8.11231545663057,34.64105285501335,0
403,1518,759.1839906317487,8.479558438544515,16.351528207303133,1
366,1054,524.192000908898,7.320089004953829,28.676931233221154,1
466,1083,212.83246140920542,3.7548887305637786,25.7984639558009,1
417,1074,879.0517773705204,3.253155045168789,26.110254204303146,1
201,4233,880.7860364020139,7.172019392432437,28.888636083820256,0
236,4072,871.8726407955469,10.393147603340298,25.13757105951845,0
186,1013,246.40824926772387,11.360804747080747,20.01718292559331,0
108,4649,456.7269507391782,1.2708696528450916,14.657294303319139,1
45,136,985.1397595794664,1.8579433511726382,31.900346581962072,1
475,3487,774.2923515468905,11.336835105396956,12.919535050111516,0
496,1811,36.89574701330422,8.83842274001751,29.232400715404495,0
105,3120,74.55254534788713,10.595925897957276,13.166648792726432,0
161,895,469.29206304420944,2.431591609624118,26.886555948405885,0
160,4136,910.1280038029446,7.051030453312823,31.147739349516012,1
199,4788,543.3147799731871,8.413675133009683,12.654986111728872,0
233,3211,502.83438295394734,8.161342625363671,7.09801553014579,0
46,1424,114.41896295706428,4.897820290400377,9.584081004796094,1
277,417,660.2123036770511,0.18473870029570172,26.20989385448589,1
378,2496,823.8821289942232,6.9951126816511575,34.73062421790074,0
192,2262,386.6158074324867,3.037218470155305,6.574888743239853,1
22,2845,777.8557324160741,5.4030509537146845,30.695294066457617,0
288,1691,964.8318873618035,11.490972181005809,16.946152608251822,0
226,3211,211.7287945364122,4.788423811709217,21.748492947183287,0
364,4030,528.0963348827938,10.07761927997312,37.51008424459479,0
370,2096,294.26657850372976,2.2624872689910136,16.619002665754593,1
295,1412,794.925874843501,8.069525976300346,21.286792687882013,0
282,1385,581.8174322223459,11.724083453267323,5.478884516623839,1
378,4411,638.2365933748007,1.2227172104752415,7.855955200169342,1
71,2483,799.9350180197351,0.09983930672630414,14.050705689717441,1
93,3339,402.01076793583036,5.202993511591372,5.974828428737604,0
377,2239,915.9391677229728,1.1115057966164064,27.098136411688785,1
226,1804,537.6985785736786,8.980612196114777,19.923942488056788,1
351,462,166.37527460699454,10.974583966182706,24.18508209548077,0
406,2704,698.9401269871145,5.2082516725051065,11.112651506371535,1
196,1816,795.3287369338718,3.1045397058652915,15.357621030281564,1
28,4551,323.5940602968514,5.212839828079318,28.23385661984538,0
186,4386,858.6074644287654,8.681373814200011,38.785595327063994,0
109,3838,907.0818222181088,0.10864993896445174,6.764587076077322,1
405,2569,284.13544250403083,7.073447873816367,36.16345122993431,1
454,4895,983.6862579880699,7.359500218648549,25.190842045892296,0
242,656,149.30441276827082,7.652258962751226,24.73718483644683,1
412,925,209.99551171846508,2.9042649597705266,22.50974873227161,0
85,2908,192.38259084564586,8.56863268053752,7.428793006646419,1
274,4621,895.0498129077918,1.0966978359813169,8.145689810765624,0
464,2819,657.7496268017122,2.3912440376016098,26.031920198068015,1
293,3608,160.58324039005015,10.529640559853783,16.93355000024454,1
215,3841,445.9201841846655,8.864677808718795,37.104382330218826,0
232,1674,619.145044819104,0.16494664813614301,19.23066880758153,1
393,4098,92.62944413948946,2.9805151244376025,10.014851054592437,0
61,2229,883.5922047232654,2.5728777959179747,30.01515917257126,1
348,2503,805.5675000871198,3.249675936443671,15.267369750435344,1
376,3429,510.1547058408718,2.970717243358637,23.39146075745626,0
153,688,967.4553491065788,0.7503155489141489,29.42414749268095,1
382,2112,423.5833694823487,5.507286199161844,36.50924389207246,1
78,1647,984.2692158461329,8.792801697433982,32.72669181805867,1
108,394,671.2407988155908,7.280780696609237,28.672637375545342,1
405,2085,638.3245605214021,8.074460023176957,28.787161383830025,1
34,3217,174.29534634282714,0.9737901424348698,38.10736254112303,1
445,1790,883.1084807215975,11.417888522121446,15.353843412378762,0
388,1236,433.214791041409,10.061902006116298,5.038923296866559,1
478,2164,170.61107172465455,9.661083821947953,14.518409578936954,1
493,4555,22.48144477600145,9.87580566050121,12.62619828693604,0
62,4895,564.1581268019987,11.192526097593136,28.164210478989936,0
160,4643,532.1256259014496,6.531047593364372,27.179905991793518,0
153,4870,722.160086145467,2.4033842144115107,25.771148394665335,0
66,1107,891.3554724876241,7.401403294230494,5.568520512330879,0
48,2614,88.61251879659923,8.914577924015267,30.507231905772663,0
118,3626,734.1815254369587,8.855008720248305,16.323564436992203,0
190,4781,195.5378246566064,6.257388290002561,28.276959615232087,1
51,1347,859.5952826255923,0.8215046320029367,24.480244997575365,0
195,4002,820.8728787230395,4.4533552611615335,16.99558238997675,0
432,1535,545.385817435689,11.049199301560288,9.71016934864377,0
407,671,713.1403706370784,7.013386917089113,8.304661418116833,1
232,2482,321.2066120519109,6.459983319068561,34.103141658927825,1
131,1345,476.4562199434865,3.226242172586322,37.14391397285453,1
142,2184,823.420528733367,4.421387038998947,27.742581636750486,0
172,377,464.67254520148174,10.744153069838031,8.620194020116918,1
224,1987,364.22028267218735,7.997556570322029,19.070952591088425,1
230,4679,499.2703227777969,9.448644321027995,30.512872003680503,1
244,1365,829.9667599128462,5.452145076811862,32.29373094035238,1
340,4926,341.855966897164,7.562966633473895,9.1376517801881,1
155,1140,182.02397720438637,2.9806033049184903,5.0010751595883844,0
248,1017,714.8938801274729,8.465529963401835,29.924796605821175,1
85,985,827.718430581001,5.131216004440048,17.4808661595172,1
18,2852,109.631103738298,5.310546177776947,13.906846606639109,1
83,121,247.4753716283853,7.79186789492258,5.451411442633391,0
451,4669,150.55226986338397,11.23536745762712,23.91047923665249,0
410,3291,354.46199746634494,0.7680761593034511,34.79027573990936,0
262,2453,455.8474691163585,9.896918848164091,38.517107619540575,0
239,4899,751.3380735936734,3.5085973249463174,24.80107327146512,1
16,786,654.6361090328573,5.327033454076534,23.006146470896297,1
183,384,624.7192818036468,0.26295994530010747,7.976973492123438,1
150,4911,358.85119714355784,3.6125529340117564,24.21054805399099,1
177,3847,843.0330775539123,6.031574911561566,18.299267763788812,1
179,862,476.57429572418295,0.6741129281692682,26.249734830925192,1
402,2528,979.313888635003,5.893148752597982,18.605422175679134,0
443,2607,637.8007169127794,11.125327546301127,13.410469320762836,0
292,128,135.0020941488577,1.2647186172936626,8.323784632993178,1
131,1006,679.4157864546796,9.173288736906052,16.02214556061135,0
203,3204,331.852975277382,4.916052640511912,8.38256920007133,0
14,4099,689.4639247192365,7.862084574292057,11.191393278839438,0
38,3094,78.94473668078169,3.1228391758227523,39.556765550284105,1
174,2606,183.1326228041998,1.9139071504962994,20.543624491731652,1
431,4765,857.1798863167285,1.9255513712547172,23.61551182767558,1
348,3709,234.90776145327973,0.8459033477177358,35.57664850580254,1
145,3653,838.6707139905106,2.2277604588149162,39.844911517174076,0
374,1553,286.48332756986633,7.970632619867619,25.395005727063854,1
330,4933,646.4530909581206,10.580287342122096,33.43658373654601,0
351,3456,697.2090677747327,9.769508227093942,16.442935851783634,1
154,615,517.5282056136024,8.22161171849381,15.701038510655188,1
336,138,312.257569929764,1.325182360933232,19.094630234809607,1
226,3442,220.51793260738515,3.470249355551398,28.53775419357772,0
310,986,42.857461016801956,3.7176825038696277,28.876709123928457,1
141,2944,310.90693722831656,2.9994833567714547,16.033380212730776,0
301,2304,656.6311626259702,6.180067916516677,9.662347344782004,0
79,1198,938.9217702639978,6.426645778556071,27.1338689762928,1
261,1923,872.4924374404216,4.282631702053322,9.491405176606758,0
424,3301,768.4041287699496,4.245469904837233,25.247237788026553,1
284,3255,790.5628698207657,9.942667174872977,29.269774481970813,1
454,3193,668.3350544412353,9.471514179836227,29.521402373805806,0
373,3630,267.683988990343,3.6935499801689478,31.371523873085884,1
191,3878,908.1230803987715,10.965461326479112,35.55007975479826,1
176,2996,674.0249887867757,11.433780204030072,22.498564718767597,1
100,3553,564.8362246706356,3.92091050436049,30.55872163353499,0
211,3611,119.87957452134626,4.253099385516658,26.671045737804285,1
355,1088,452.58498836836117,6.067609841063506,11.53239789291889,1
28,4216,465.75468848990704,11.293449750404083,5.899137570429286,1
48,4126,865.9179734274433,10.515833197707739,14.958948498692681,0
135,4279,551.1817379859106,1.2308155510030776,20.50617972181668,1
460,1782,386.5965434807056,4.712768919256995,26.59870805500297,1
182,4765,977.0323252255528,6.6404542769972625,34.74857656761219,1
150,4063,119.61338739305252,6.03758967061848,11.868600084715798,1
251,1033,428.3229440288252,2.326356815242712,9.394242646446699,0
229,3698,51.60442841969124,10.305801254017856,38.72179816160146,1
135,3333,742.505079559261,8.123289395962049,8.78155957817425,1
67,2080,918.8957866771591,10.054900498221643,21.74718745375162,0
157,1955,287.23695625498453,10.305171352193666,25.494730507765567,1
485,3156,859.7582600311297,8.980270243988876,23.94810473176034,1
465,892,299.2960481572788,5.2705272149966085,8.011125496153012,0
326,891,911.6624600274761,7.326561060185094,6.995941990126678,0
392,1909,756.4222845608161,1.9243848734369178,8.691919961136248,0
370,2355,806.8577090730242,8.083745009698893,25.49556893554144,0
432,3710,27.826490044449955,2.151039068871369,24.05207106720124,1
10,1707,963.1822535032857,8.327395086121882,13.180927721286048,1
396,1084,729.40428214962,2.755177929047624,27.322094964595706,1
470,3776,311.703584432272,1.4106156018026397,33.70236257194773,1
357,3480,831.1007182102585,1.9834138817154892,6.455263594630782,1
199,619,288.7059864307806,0.023905622628843215,22.434548024181485,0
200,690,874.0263011704667,8.624875414242362,29.12586442359416,0
378,1150,121.45458650781764,8.78881258870055,13.830917447439047,0
418,3733,706.6491176861878,6.179200198959114,15.771981685260219,1
321,4544,545.2914918784612,1.9363536126646044,26.477326604628434,1
426,1059,105.56912549348641,1.002652050128277,36.42773527053079,1
431,792,249.47488997625058,0.2295475972474441,33.34735471060148,1
126,3999,22.279995914541644,1.9889781235826485,25.409557668485423,1
143,4573,474.08028580986075,10.69026641979776,30.557760121503723,0
67,3046,308.2526081524004,2.8984421004201812,17.768786457272952,0
53,626,602.3739094547813,4.2512559266065875,27.43379348345652,1
182,3324,304.265429631531,1.2641458137759982,21.316355689464494,1
169,2353,306.91992039191484,2.6683356569780434,11.647764776014633,0
182,3444,745.7612667442874,6.230694849362461,29.560839585704002,0
326,4065,57.66140761856992,7.293032197147831,24.47626230720877,0
312,1975,903.8660452400674,2.9442277699945327,17.551755368375698,0
158,1863,853.7412356472696,0.6927859107014065,36.896871652752075,1
89,620,671.1266363941425,4.692394429528784,5.732694123935664,0
383,1116,597.2893544063105,2.8104404511160097,16.05206029373236,1
222,216,893.3794731582557,2.6346470787576233,6.99084892221763,0
212,2533,193.4768777334273,11.518353632561464,31.82845606775695,1
261,683,88.17947056892032,7.395605831108689,29.57376089398274,0
238,494,247.11506821044273,6.682541318065151,16.597327655771096,0
173,3888,796.6324959131883,4.989301242279863,28.648201577247555,0
236,2868,44.32356405921849,5.147332001161731,18.857802916858244,0
156,4267,586.9787667326548,6.490860046056969,31.4688826997852,0
29,3960,995.4831410293968,8.357157684433286,20.896428195784715,1
450,373,857.139132899164,8.425753154181953,19.429790474108295,1
411,2113,526.2312321531535,2.060326892465395,37.715547042090535,1
56,4533,73.00450019377593,6.001353024919524,13.780768496174508,1
242,1489,833.0597792418528,4.943497140409224,9.21565689987979,0
314,3666,602.9887230954384,10.44632359523261,25.459008964081036,0
23,4802,123.78366708897117,7.577027054620517,38.92626342994626,0
152,265,102.91871197512263,6.390048796991781,18.224372480451535,0
424,1667,910.5305512422265,1.3847357061470085,7.171286727007353,0
10,828,672.5082603086977,7.267654671880937,16.87568435583486,1
382,2143,830.993931323588,1.406446868162801,22.707607901184545,1
63,4297,880.1891112794447,4.046478906789025,10.667305232127479,0
383,3596,576.054628527839,1.7141035777719824,28.03357763197722,1
268,878,522.2718882374909,8.304883764292427,39.92122861535702,0
153,313,436.1231362177803,2.4750253660338313,20.810881659350535,0
480,3862,323.7771219132081,4.702312478256312,17.41549948555744,1
450,1676,440.2500012501246,10.748097331425344,19.024645839206332,1
468,2548,776.1408591728548,2.4517966007876435,9.03011624383204,1
21,3036,605.9041967049802,6.09366076750535,35.914576049917834,1
339,3217,893.5980570552977,5.0312599339922635,19.518897943247318,1
233,691,448.94621423539587,0.2174884925487568,18.554604399869447,1
281,2820,611.0186829315664,9.513097362873754,28.089159552566603,1
465,813,634.9944775610688,0.8285508757751967,20.471169732589324,1
367,1035,595.7801906832623,5.691060251723443,27.688171408274613,1
469,4437,705.6074353546612,6.728139539267399,7.150620154577563,1
417,101,245.0591336910582,7.541117479375044,33.48031703027796,1
165,2948,517.2401397703327,8.263579551694507,37.91763835077909,0
382,4144,113.1825547802642,3.039268602272581,27.70678851557851,1
17,2049,390.6662143683644,0.11974531990139248,38.40980751005838,1
131,1017,492.7903979350518,8.681323948258944,10.300131002948715,0
357,3274,655.7020169500178,6.427879192170943,21.70956663181238,0
173,2341,951.0257420603415,10.033412438486986,26.063235688090653,0
99,189,604.6445558828723,9.856660354808332,25.360782659741535,0
145,1809,746.1579770147941,10.119914013454597,19.051162268116514,0
195,2269,511.2033989002507,5.821135919754482,16.83295432781915,0
325,4338,637.762991062568,4.003540750042388,9.438840789264658,0
187,3141,80.2228939724357,9.49869843109644,18.710985769679738,0
37,205,261.8476650334285,5.415529356351059,10.693128528691979,1
229,986,368.2345622730873,2.201306356841214,30.702798677227644,1
366,527,477.76842145644844,10.259688234737691,12.30908274231065,0
50,1995,55.1922580473599,10.590718521268167,7.049785684958685,1
237,416,148.6238565777845,5.595717073682041,24.3328148236032,0
201,734,284.0461647133927,0.9083967277174496,25.833040645179057,0
420,2025,971.8173639920401,4.653913079003175,35.516957144817695,0
456,2156,338.03353703202026,9.642451913551241,25.194356434618864,0
154,3244,487.2206475309617,10.821288342554745,17.091829880320603,0
210,2370,204.13673561100902,2.44167290997115,33.10541585342122,0
426,1539,614.6722703650106,0.8036833443032583,23.909761261559737,1
221,652,287.87638336081454,10.528205437594064,7.774809962091711,0
470,815,214.9226526540425,4.672859267746503,24.804769610963632,1
229,4011,521.4069021615193,6.50113157121076,36.780649089758185,1
249,1813,15.450741168816613,11.616789744609108,18.87094189243772,1
422,3489,17.587392322733074,0.7987767349706743,15.371403066493002,1
406,1207,226.8781210108392,7.779816089425147,10.021430995630702,0
55,4306,46.35414887581293,0.8892650708984049,10.300593267737506,0
44,350,116.94549658938446,4.505627141598005,20.14700195196366,0
262,2530,345.47204284536406,9.64577454232136,25.848793845653535,0
399,2154,804.5598227840147,5.201666793067613,7.821539180936061,0
91,558,576.3281569356078,11.966188246835404,37.8849006158808,0
380,307,517.5410486968523,6.708711419359226,31.429676610581858,1
265,999,300.5539349760404,3.853945831631442,25.531837139928193,0
206,3561,932.4361822384882,2.6413359108570376,33.99535348286468,1
312,3485,403.04489082481973,4.206246411433941,7.806536488423966,1
418,121,96.22183912781378,4.47039928511461,21.689360720659355,1
459,509,620.8958509566232,0.8245641326875317,27.053259440158218,1
19,994,122.7000095418354,4.434890393121278,34.00285171414012,1
321,614,351.7709113736752,5.570862236870699,32.42143460172437,1
295,4209,512.3378193306307,8.672853026865656,14.697423739968988,0
251,2234,875.4802994383241,7.880753816659295,37.93080593457215,1
260,3695,498.6111145367175,8.505187862749851,9.352104450080462,1
374,3056,705.2361783713476,0.10036418252228518,35.629676651740326,0
14,1660,992.8886706090797,2.6120087949664326,38.98290873616165,1
128,1366,140.17422869900182,7.940211460798277,11.200373312791895,0
298,2269,281.9842102643243,5.807872418156966,30.272312247132483,0
383,3738,400.63031484166993,0.06376170802015135,6.4099931572299464,0
74,849,427.6098967534431,9.653935709181868,19.189798879870423,0
155,3527,416.9108645128903,9.273714879484048,23.06991547191859,1
233,4880,908.5348925309894,6.581029955922752,25.322582906837194,1
248,2027,716.8923180221879,0.7975599093152654,37.75780368869958,1
186,3904,611.8261619497968,9.198180594391015,28.528774055296815,0
276,3802,316.2789906841543,7.004563052776367,21.844728292673295,1
350,2456,825.5524803790818,9.38351972589551,33.338626269306125,0
291,4890,955.5099063701391,9.020963908750085,38.26864873340431,0
72,2435,822.9862997247243,9.636024863494045,5.772315203880179,0
226,406,11.549454139558176,6.216096796855497,39.38824452896135,0
351,3765,640.0373564815729,1.68389421832218,8.014624867228811,1
324,2089,60.624027627679716,8.053889680556264,33.503537274406646,0
292,761,265.0311481303846,7.445685420623647,14.811716339299437,0
186,4744,68.92945334429396,8.907038246389046,9.62628802138551,0
470,411,607.7574984198939,2.0385720726088237,20.39494738998422,1
426,3020,689.7240143576807,2.3397023988034706,27.538480280666473,1
107,1182,123.34276168524606,10.684914206631941,18.333314575821625,1
114,3071,390.0004942145297,8.999733581424849,6.909789289894464,1
108,854,461.6741438659866,10.898741864403874,25.981139888055083,0
394,4230,375.36249154330744,9.104583853967048,36.58411466387362,1
414,4640,129.8147504803411,7.165863671883622,18.412537808153807,0
320,452,424.75831228560065,7.8495928443344845,12.571647217078947,0
15,1002,753.666267330334,10.669535087280119,20.490207107648537,1
485,3988,80.29758788792292,6.945681054143286,6.692694886707331,0
